id,name,year,poet,oldcity,newcity,type,content,description
1,登峨眉山,720,李白,剑南道嘉州,四川乐山,山水,蜀国多仙山，峨眉邈难匹。周流试登览，绝怪安可悉？青冥倚天开，彩错疑画出。泠然紫霞赏，果得锦囊术。云间吟琼箫，石上弄宝瑟。平生有微尚，欢笑自此毕。烟容如在颜，尘累忽相失。倘逢骑羊子，携手凌白日。,此诗当作于唐玄宗开元八、九年（720、721年）间。李白二十五岁之前在蜀地，读书游学，先后两次登上峨眉山。此诗写寻仙访道，虽然是受时代环境的影响，更多的则是李白追求纯真善美，反对虚伪丑恶的表现。
2,望庐山瀑布,725,李白,江南西道当涂,安徽当涂,山水,天门中断楚江开，碧水东流至此回。两岸青山相对出，孤帆一片日边来。,这首诗意境开阔，气魄豪迈，音节和谐流畅，语言形象、生动，画面色彩鲜明。虽然只有短短的四句二十八个字，但它所构成的意境优美、壮阔，人们读了诗恍若置身其中。诗人将读者的视野沿着烟波浩渺的长江，引向无限宽广的天地里，使人顿时觉得心胸开阔、眼界扩大。从诗中可以看到诗人李白的豪放不羁的精神和不愿意把自己限在小天地里的广阔胸怀。
3,静夜思,726,李白,淮南道扬州,江苏扬州,思乡,床前明月光，疑是地上霜。举头望明月，低头思故乡。,短短四句诗，写得清新朴素，明白如话。它的内容是单纯的，但同时却又是丰富的。它是容易理解的，却又是体味不尽的。诗人所没有说的比他已经说出来的要多得多。它的构思是细致而深曲的，但却又是脱口吟成、浑然无迹的。从这里，我们不难领会到李白绝句的“自然”、“无意于工而无不工”的妙境。
4,长相思,730,李白,京畿道长安,陕西西安,抒情,长相思，在长安。络纬秋啼金井阑，微霜凄凄簟色寒。孤灯不明思欲绝，卷帷望月空长叹。美人如花隔云端。上有青冥之长天，下有渌水之波澜。天长路远魂飞苦，梦魂不到关山难。长相思，摧心肝。        日色欲尽花含烟，月明欲素愁不眠。赵瑟初停凤凰柱，蜀琴欲奏鸳鸯弦。此曲有意无人传，愿随春风寄燕然。忆君迢迢隔青天。昔时横波目，今作流泪泉。不信妾肠断，归来看取明镜前。       美人在时花满堂，美人去后花馀床。床中绣被卷不寝，至今三载闻余香。香亦竟不灭，人亦竟不来。相思黄叶落，白露湿青苔。,长相思这三曲：第一首诗通过描写景色，渲染气氛，抒写男女相思，似有寄意；第二首诗白描了思妇弹琴寄意、借曲传情、流泪断肠、望眼欲穿的情景，表现思妇对远征亲人的深情怀念；第三首诗以花和床为意象，赋予情感，抒写男主人公对心上人的思念。这三首诗内容、形式、意境各有不同，都深刻地表现了离人的相思之苦，写得情真意切，缠绵悱恻，读来催人泪下。其诗意隐然含蓄，具备一种蕴藉的风度。
5,黄鹤楼送孟浩然之广陵,730,李白,江南西道江夏,武汉武昌,送别,故人西辞黄鹤楼，烟花三月下扬州。孤帆远影碧空尽，唯见长江天际流,这首诗不同于王勃《送杜少府之任蜀州》那种少年刚肠的离别，也不同于王维《渭城曲》那种深情体贴的离别。而是表现一种充满诗意的离别。其之所以如此，是因为这是两位风流潇洒的诗人的离别，还因为这次离别跟一个繁华的时代、繁华的季节、繁华的地区相联系，在愉快的分手中还带着诗人的向往，这就使得这次离别多了点诗意，少了份伤感。
6,行路难,732,李白,京畿道长安,陕西西安,豪放,金樽清酒斗十千，玉盘珍羞直万钱。停杯投箸不能食，拔剑四顾心茫然。欲渡黄河冰塞川，将登太行雪满山。闲来垂钓碧溪上，忽复乘舟梦日边。行路难，行路难，多歧路，今安在？长风破浪会有时，直挂云帆济沧海。,这是李白所写的三首《行路难》的第一首。诗的前四句写友人出于对李白的深厚情谊，设下盛宴为之饯行。“嗜酒见天真”的李白若在平时，面对美酒佳肴和友人盛情肯定是会“一饮三百杯”的。然而这一次，正值他的积极入世思想受到一生来最强烈的重创！筵席上，他端起酒杯却又把酒杯推开了，拿起筷子却又把筷子撂下了。他离开座席，拔出宝剑，举目四顾，心绪茫然。停、投、拔、顾四个连续的动作，使诗人内心的苦闷、感情的激荡跃然纸上。
7,蜀道难,732,李白,京畿道长安,陕西西安,山水,噫吁剑危乎高哉！蜀道之难，难于上青天！蚕丛及鱼凫，开国何茫然！尔来四万八千岁，不与秦塞通人烟。西当太白有鸟道，可以横绝峨眉巅。地崩山摧壮士死，然后天梯石栈相钩连。上有六龙回日之高标，下有冲波逆折之回川。黄鹤之飞尚不得过，猿猱欲度愁攀援。青泥何盘盘，百步九折萦岩峦。扪参历井仰胁息，以手抚膺坐长叹。问君西游何时还？畏途f岩不可攀。但见悲鸟号古木，雄飞雌从绕林间。又闻子规啼夜月，愁空山。蜀道之难，难于上青天，使人听此凋朱颜！连峰去天不盈尺，枯松倒挂倚绝壁。飞湍瀑流争喧Y，f崖转石万壑雷。其险也如此，嗟尔远道之人胡为乎来哉！剑阁峥嵘而崔嵬，一夫当关，万夫莫开。所守或匪亲，化为狼与豺。朝避猛虎，夕避长蛇，磨牙吮血，杀人如麻。锦城虽云乐，不如早还家。蜀道之难，难于上青天，侧身西望长咨嗟！,《蜀道难》全诗二百九十四字，以山川之险言蜀道之难，给人以荡气回肠之感，是李白最富浪漫主义色彩的代表作，“笔落惊风雨，诗成泣鬼神”。
8,春夜洛城闻笛,734,李白,都畿道洛阳,河南洛阳,抒情,谁家玉笛暗飞声，散入春风满洛城。此夜曲中闻折柳，何人不起故园情。,短短的一首七言绝句，颇能显现李白的风格特点，即艺术表现上的主观倾向。热爱故乡是一种崇高的感情，它同爱国主义是相通的。诗人的故乡是他从小生于此，长于此的地方，作为祖国的一部分，那种形象尤其令诗人难以忘怀。李白这首诗写的是闻笛，但它的意义不限于描写音乐，还表达了对故乡的思念，这才是它感人的地方。李白的老家在四川，二十多岁就离家东游，后长期居住湖北、山东，春夜闻笛《折杨柳》曲，触发深长的乡思当是再自然不过的了。因此情真意切，扣人心弦，千百年来在旅人游子心中引发强烈的共鸣。
9,将进酒,736,李白,都畿道洛阳,河南洛阳,豪放,人生得意须尽欢，莫使金樽空对月。天生我才必有用，千金散尽还复来。烹羊宰牛且为乐，会须一饮三百杯。岑夫子，丹丘生，将进酒，杯莫停。与君歌一曲，请君为我倾耳听。钟鼓馔玉不足贵，但愿长醉不复醒。古来圣贤皆寂寞，惟有饮者留其名。陈王昔时宴平乐，斗酒十千恣欢谑。主人何为言少钱，径须沽取对君酌。五花马、千金裘，呼儿将出换美酒，与尔同销万古愁。,《将进酒》从诗的内容看似乎写的是及时行乐、只愿长醉不愿醒的情感。但深入理解李白的内心深处，就会发现李白不是真正消极颓废。全诗气势豪迈，句法明快多变，充分反应了李白自由豪放的性格。
10,侠客行,744,李白,河南道齐州,山东济南,豪放,赵客缦胡缨，吴钩霜雪明。银鞍照白马，飒沓如流星。十步杀一人，千里不留行。事了拂衣去，深藏身与名。闲过信陵饮，脱剑膝前横。将炙啖朱亥，持觞劝侯嬴。三杯吐然诺，五岳倒为轻。眼花耳热后，意气素霓生。救赵挥金槌，邯郸先震惊。千秋二壮士，@赫大梁城。纵死侠骨香，不惭世上英。谁能书阁下，白首太玄经。,这首诗看起来是在写燕赵时期的侠士与明君的相识相交，其实是在写作者自己。李白也想有这样一位能够欣赏自己的君主重用自己，唐朝重侠士之风，而自己就是“剑圣”的徒弟。自己还写得一手好文章，为什么就没人来举荐我呢?这首诗全篇都在赞扬侠客精神，而且作者自己就是一介侠客，抒发了他对侠客的倾慕，对拯危济难、用世立功生活的向往。
11,月下独酌,744,李白,京畿道长安,陕西西安,抒情,花间一壶酒，独酌无相亲。举杯邀明月，对影成三人。月既不解饮，影徒随我身。暂伴月将影，行乐须及春。我歌月徘徊，我舞影零乱。醒时同交欢，醉后各分散。永结无情游，相期邈云汉。,诗人运用丰富的想象，表现出一种由独而不独，由不独而独，再由独而不独的复杂情感。表面看来，诗人真能自得其乐，可是背面却有无限的凄凉。孤独到了邀月与影那还不算，甚至于以后的岁月，也休想找到共饮之人，所以只能与月光身影永远结游，并且相约在那邈远的上天仙境再见。结尾两句，点尽了诗人孤独、冷清的感受。
12,把酒问月・故人贾淳令予问之,744,李白,京畿道长安,陕西西安,抒情,青天有月来几时？我今停杯一问之。人攀明月不可得，月行却与人相随。皎如飞镜临丹阙，绿烟灭尽清辉发。但见宵从海上来，宁知晓向云间没。白兔捣药秋复春，嫦娥孤栖与谁邻？今人不见古时月，今月曾经照古人。古人今人若流水，共看明月皆如此。唯愿当歌对酒时，月光长照金樽里。,全诗感情饱满奔放，语言流畅自然，极富回环错综之美。诗人由酒写到月，又从月归到酒，用行云流水般的抒情方式，将明月与人生反复对照，在时间和空间的主观感受中，表达了对宇宙和人生哲理的深层思索。其立意上承屈原的《天问》，下启苏轼的《水调歌头・明月几时有》。情理并茂，富有很强的艺术感染力。
13,梦游天姥吟留别,746,李白,淮南道扬州,江苏扬州,山水,海客谈瀛洲，烟涛微茫信难求；越人语天姥，云霞明灭或可睹。天姥连天向天横，势拔五岳掩赤城。天台四万八千丈，对此欲倒东南倾。我欲因之梦吴越，一夜飞度镜湖月。湖月照我影，送我至剡溪。谢公宿处今尚在，渌水荡漾清猿啼。脚著谢公屐，身登青云梯。半壁见海日，空中闻天鸡。千岩万转路不定，迷花倚石忽已暝。熊咆龙吟殷岩泉，栗深林兮惊层巅。云青青兮欲雨，水澹澹兮生烟。列缺霹雳，丘峦崩摧。洞天石扉，訇然中开。青冥浩荡不见底，日月照耀金银台。霓为衣兮风为马，云之君兮纷纷而来下。虎鼓瑟兮鸾回车，仙之人兮列如麻。忽魂悸以魄动，恍惊起而长嗟。惟觉时之枕席，失向来之烟霞。世间行乐亦如此，古来万事东流水。别君去兮何时还？且放白鹿青崖间，须行即骑访名山。安能摧眉折腰事权贵，使我不得开心颜！,这是一首游仙诗。诗写梦游名山，意境奇特、雄伟、超凡，感慨深沉激烈，内容丰富曲折，形象辉煌流丽，奔放、浪漫。形式上杂言相间，兼用骚体，不受律束，体制解放。信手写来，笔随兴至，诗才横溢，堪称绝世名作。
14,登金陵凤凰台,746,李白,淮南道金陵,江苏南京,抒情,凤凰台上凤凰游，凤去台空江自流。吴宫花草埋幽径，晋代衣冠成古丘。三山半落青天外，二水中分白鹭洲。)总为浮云能蔽日，长安不见使人愁。,《登金陵凤凰台》与《黄鹤楼》在格律气势上不分上下。在用韵上，二诗都是意到其间，天然成韵。语言也流畅自然，不事雕饰，潇洒清丽。作为登临吊古之作，李诗更有自己的特点，它写出了自己独特的感受，把历史的典故，眼前的景物和诗人自己的感受，交织在一起，抒发了忧国伤时的怀抱，意旨尤为深远。
15,送友人,747,李白,淮南道金陵,江苏南京,送别,青山横北郭，白水绕东城。此地一为别，孤蓬万里征。浮云游子意，落日故人情。挥手自兹去，萧萧班马鸣。,《送友人》为李白的名篇之一。这首送别诗写得新颖别致，不落俗套。诗中青翠的山岭，清澈的流水，火红的落日，洁白的浮云，相互映衬，色彩璀璨，寓情于景。班马长鸣，形象新鲜活泼，组成了一幅有声有色的画面。自然美与人情美交织在一起，写得有声有色，气韵生动，画面中流荡着无限温馨的情意，感人肺腑。这正是评家深为赞赏的李白送别诗的特色。
16,闻王昌龄左迁龙标遥有此寄,749,李白,淮南道金陵,江苏南京,抒情,杨花落尽子规啼，闻道龙标过五溪。我寄愁心与明月，随君直到夜郎西。,李白通过丰富的想象，用男女情爱的方式以抒写志同道合的友情，给予抽象的“愁心”以物的属性，它竟会随人逐月到夜郎西。本来无知无情的明月，竟变成了一个了解自己，富于同情的知心人，她能够而且愿意接受自己的要求，将自己对朋友的怀念和同情带到辽远的夜郎之西，交给那不幸的迁谪者。
17,宣州谢I楼饯别校书叔云,753,李白,江南西道宣州,安徽宣城,抒情,弃我去者，昨日之日不可留；乱我心者，今日之日多烦忧。长风万里送秋雁，对此可以酣高楼。蓬莱文章建安骨，中间小谢又清发。俱怀逸兴壮思飞，欲上青天揽明月。抽刀断水水更流，举杯销愁愁更愁。人生在世不称意，明朝散发弄扁舟。,这首诗是作者在宣州谢x楼上的饯别诗。他面对即将离去的自己，既有夸赞又有对这里的不舍。虽然前面的“弃我去者，昨日之日不可留;乱我心者，今日之日多烦忧。”表明了李白的志气，但是后面的“抽刀断水水更流，举杯销愁愁更愁。”又着重表达了自己内心的郁闷和愤愤不平。整首诗感情充沛，一波三折，音调愈发激昂，很有气势。
18,古朗月行,755,李白,江南西道宣州,安徽宣城,抒情,小时不识月，呼作白玉盘。又疑瑶台镜，飞在青云端。仙人垂两足，桂树何团团。白兔捣药成，问言与谁餐？蟾蜍蚀圆影，大明夜已残。羿昔落九乌，天人清且安。阴精此沦惑，去去不足观。忧来其如何？凄怆摧心肝。,这首诗，大概是李白针对当时朝政黑暗而发的。唐玄宗晚年沉湎声色，宠幸杨贵妃，权奸、宦官、边将擅权，把国家搞得乌烟瘴气。诗中“蟾蜍蚀圆影，大明夜已残”似是讽刺这一昏暗局面。沈德潜说，这是“暗指贵妃能惑主听”。（《唐诗别裁》）然而诗人的主旨却不明说，而是通篇作隐语，化现实为幻景，以蟾蜍蚀月影射现实，说得十分深婉曲折。诗中一个又一个新颖奇妙的想象，展现出诗人起伏不平的感情，文辞如行云流水，富有魅力，发人深思，体现出李白诗歌的雄奇奔放、清新俊逸的风格.
19,赠汪伦,756,李白,淮南道猷州,江苏猷州,抒情,李白乘舟将欲行，忽闻岸上踏歌声。桃花潭水深千尺，不及汪伦送我情。,这是李白写给好友汪伦的一首赠别诗。全诗语言清新自然，令人回味无穷。虽仅四句二十八字，却脍炙人口，是李白诗中流传最广的佳作之一。
20,独坐敬亭山,761,李白,江南西道宣州,安徽宣城,山水,众鸟高飞尽，孤云独去闲。相看两不厌，只有敬亭山。,这首诗是诗人表现自己精神世界的佳作。此诗表面是写独游敬亭山的情趣，而其深含之意则是诗人生命历程中旷世的孤独感。诗人以奇特的想象力和巧妙的构思，赋予山水景物以生命，将敬亭山拟人化，写得十分生动。作者写的是自己的孤独和自己的怀才不遇，但更是自己的坚定，在大自然中寻求安慰和寄托。
21,刑赏忠厚之至论,1056,苏轼,京畿路开封府,河南开封,哲理,尧、舜、禹、汤、文、武、成、康之际，何其爱民之深，忧民之切，而待天下以君子长者之道也。有一善，从而赏之，又从而咏歌嗟叹之，所以乐其始而勉其终。有一不善，从而罚之，又从而哀矜惩创之，所以弃其旧而开其新。故其吁俞之声，欢忻惨戚，见于虞、夏、商、周之书。成、康既没，穆王立，而周道始衰，然犹命其臣吕侯，而告之以祥刑。其言忧而不伤，威而不怒，慈爱而能断，恻然有哀怜无辜之心，故孔子犹有取焉。(节选),嘉v元年（1056年），20岁的苏轼首次出川赴京，参加朝廷的科举考试。苏洵带着二十一岁的苏轼，十九岁的苏辙，自偏僻的西蜀地区，沿江东下，于嘉v二年（1057年）进京应试。当时的主考官是文坛领袖欧阳修，小试官是诗坛宿将梅尧臣。二人正锐意于诗文革新，苏轼清新洒脱的文风，一下子把他们震动了。策论的题目是《刑赏忠厚之至论》，苏轼的《刑赏忠厚之至论》获得主考官欧阳修的赏识，却因欧阳修误认为是自己的弟子曾巩所作，为了避嫌，使他只得第二。正是阴错阳差，弄巧成拙。到了礼部复试时，苏轼再以《春秋对义》居曾巩之前，中乙科 。
22,饮湖上初晴后雨,1073,苏轼,两浙路杭州,江苏杭州,山水,水光潋滟晴方好，山色空蒙雨亦奇。欲把西湖比西子，淡妆浓抹总相宜。,这是一首赞美西湖美景的诗。此诗不是描写西湖的一处之景、一时之景，而是对西湖美景的全面描写概括品评，尤其是后二句，被认为是对西湖的恰当评语。作者畅游西湖，从早到晚，一边欣赏美丽的湖光山色，一边饮酒构思，意笃八极，神游万仞。于是乎写就了这首传诵一时的佳作。
23,望江南・超然台作,1074,苏轼,京东路密州,山东诸城,抒情,春未老，风细柳斜斜。试上超然台上看，半壕春水一城花。烟雨暗千家。寒食后，酒醒却咨嗟。休对故人思故国，且将新火试新茶。诗酒趁年华。,1074年秋，苏轼由杭州移守密州。第二年，他下令修葺城北旧台，并取名为了超然台，取《老子》“虽有荣观，燕处超然”之义。1076年暮春，苏轼在登上超然台，眺望春色烟雨，写下了此词。此词上片写景，下片抒情，通过对景象的描写，抒发了自己思乡的情感，又表现豁达的人生态度。
24,江城子・乙卯正月二十日夜记梦,1075,苏轼,京东路密州,山东诸城,抒情,十年生死两茫茫，不思量，自难忘。千里孤坟，无处话凄凉。纵使相逢应不识，尘满面，鬓如霜。夜来幽梦忽还乡，小轩窗，正梳妆。相顾无言，惟有泪千行。料得年年肠断处，明月夜，短松冈。,苏轼19岁时和16岁的王弗结婚，二人恩爱情深。十年后，王弗去世了，这给苏轼以很大的打击。1075年，苏轼任密州知州，年已四十。这一年的正月二十日，苏轼梦见王氏，便写下了这首“有声当彻天，有泪当彻泉 ”的悼亡词。词的上阕记实，下阕记梦，虚实结合，衬托出对亡妻的思念，加深全词的悲伤基调。
25,江城子・密州出猎,1075,苏轼,京东路密州,山东诸城,豪放,"老夫聊发少年狂，左牵黄，右擎苍。,锦帽貂裘，千骑卷平冈。为报倾城随太守，亲射虎，看孙郎。酒酣胸胆尚开张，鬃微霜，又何妨！持节云中，何日遣冯唐？会挽雕弓如满月，西北望，射天狼。",1075年，苏轼在密州（山东诸城）任知州，在一次打猎活动中，苏轼写在了这首气势雄豪，淋淳酣畅的词。这首词在境界上大大突破了北宋偎红倚翠、浅斟低唱之风，对南宋辛派词人有很大的影响。苏轼在《与鲜于子骏书》中说这首词“令东州壮士抵掌顿足而歌之，吹笛击鼓以为节，颇壮观也”。
26,水调歌头・丙辰中秋,1076,苏轼,京东路密州,山东诸城,抒情,明月几时有，把酒问青天。不知天上宫阙，今夕是何年？我欲乘风归去，又恐琼楼玉宇，高处不胜寒。起舞弄清影，何似在人间。转朱阁，低绮户，照无眠。不应有恨，何事长向别时圆？人有悲欢离合，月有阴晴圆缺，此事古难全。但愿人长久，千里共婵娟。,《水调歌头》是1076年苏轼在密州时所作，当时苏轼正和弟弟分离，在中秋节当天写下此词，表达自己的离思。该词望月怀人，勾勒出皓月当空、亲人千里、孤高旷远的孤独境界，可谓遗世独立。通过对月亮阴晴圆缺的追问，表现出天人合一的哲学意味，达到了社会和自然的高度契合。胡寅评价道：“一洗绮罗香泽之态，摆脱绸缪宛转之度，使人登高望远，举首而歌，而逸怀浩气，超然乎尘垢之外。”
27,定风波・莫听穿林打叶声,1079,苏轼,淮南路黄州,湖北黄冈,豪放,莫听穿林打叶声。何妨吟啸且徐行。竹杖芒鞋轻胜马。谁怕。一蓑烟雨任平生。料峭春风吹酒醒。微冷。山头斜照却相迎。回首向来潇洒处。归去。也无风雨也无晴。,1082春，苏轼因“乌台诗案”被贬为黄州已经第三年了。苏轼和朋友春日出游，风雨忽至，朋友深感狼狈，词人却毫不在乎，泰然处之。该词通过途中遇雨这件小事，来抒发自己旷达超脱的人生境界。上片主要写雨中，下片写雨后，洋溢着豪迈、豁达、乐观的生活信念。
28,浣溪沙・游蕲水清泉寺,1082,苏轼,淮南路黄州,湖北黄冈,抒情,山下兰芽短浸溪，松间沙路净无泥，潇潇暮雨子规啼。谁道人生无再少？门前流水尚能西！休将白发唱黄鸡。,被贬黄州期间，苏轼曾经到蕲水清泉寺。《东坡志林》记载：“黄州东南三十里为沙湖，亦日螺师店，予买田其间，因往相田得疾。闻麻桥人庞安常善医而聋，遂往求疗。……疾愈，与之同游清泉寺。寺在蕲水郭门外里许，有王逸少洗笔泉，水极甘，下临兰溪，溪水西流。余作歌云。”苏轼借助寺庙前向西流的水来抒发自己不服衰老的人生态度。
29,念奴娇・赤壁怀古,1082,苏轼,淮南路黄州,湖北黄冈,豪放,大江东去，浪淘尽，千古风流人物。故垒西边，人道是，三国周郎赤壁。乱石穿空，惊涛拍岸，卷起千堆雪。江山如画，一时多少豪杰。遥想公瑾当年，小乔初嫁了，雄姿英发。羽扇纶巾，谈笑间，樯橹灰飞烟灭。故国神游，多情应笑我，早生华发。人生如梦，一尊还酹江月。,苏轼此时因“乌台诗案”被贬黄州已两年余。苏轼由于诗文讽喻新法，为新派官僚罗织论罪而被贬，心中有无尽的忧愁无从述说，于是四处游山玩水以放松情绪。正巧来到黄州城外的赤壁（鼻）矶，此处壮丽的风景使作者感触良多，更是让作者在追忆当年三国时期周瑜无限风光的同时也感叹时光易逝，因写下此词。
30,蝶恋花・春景,1082,苏轼,淮南路黄州,湖北黄冈,抒情,花褪残红青杏小，燕子飞时，绿水人家绕。枝上柳绵吹又少，天涯何处无芳草。墙里秋千墙外道，墙外行人，墙里佳人笑。笑渐不闻声渐悄，多情却被无情恼。,这首词将伤春之情表达得既深情缠绵又空灵蕴藉，情景交融，哀婉动人。清人王士《花草蒙拾》称赞道：“‘枝上柳绵’，恐屯田(柳永)缘情绮靡未必能过。孰谓坡但解作‘大江东去’耶？”这个评价是中肯的。苏轼除写豪放风格的词以外，还写了大量的婉约词。可是却总被“无情”所恼。这正说明他对待生活的态度：不忘情于现实世界。他在这首词中所流露出的伤感，正是基于对现实人生的热爱。
31,卜算子・黄州定慧院寓居作,1082,苏轼,淮南路黄州,湖北黄冈,抒情,缺月挂疏桐，漏断人初静。谁见幽人独往来，缥缈孤鸿影。惊起却回头，有恨无人省。拣尽寒枝不肯栖，寂寞沙洲冷。,苏轼被贬黄州后，虽然自己的生活都有问题，但苏轼是乐观旷达的，能率领全家通过自身的努力来渡过生活难关。但内心深处的幽独与寂寞是他人无法理解的。在这首词中，作者借月夜孤鸿这一形象托物寓怀，表达了孤高自许、蔑视流俗的心境。　
32,临江仙,1083,苏轼,淮南路黄州,湖北黄冈,豪放,夜饮东坡醒复醉，归来仿佛三更。家童鼻息已雷鸣。敲门都不应，倚杖听江声。长恨此身非我有，何时忘却营营。夜阑风静e纹平。小舟从此逝，江海寄余生。,苏轼在黄州期间，曾住在城南长江边上的临皋亭。后来苏轼在这里开垦了一片荒地，开始种植庄稼，命名为“东坡”。一天苏轼喝酒晚归，但是家童都睡着了，迟迟不开门。于是苏轼只能在门前听浩浩长江东流。就在这时候，苏轼想到了月夜泛舟，放浪于山水之间。这首词写的非常有情趣，反映了苏轼豁达的精神。
33,记承天寺夜游,1083,苏轼,淮南路黄州,湖北黄冈,哲理,元丰六年十月十二日夜，解衣欲睡，月色入户，欣然起行。念无与为乐者，遂至承天寺寻张怀民。怀民亦未寝，相与步于中庭。庭下如积水空明，水中藻、荇交横，盖竹柏影也。何夜无月？何处无竹柏？但少闲人如吾两人者耳。,"《记承天寺夜游》表达的感情是微妙而复杂的，贬谪的悲凉，人生的感慨，赏月的欣喜，漫步的悠闲都包含其中。作者“解衣欲睡”的时候，“月色入户”，于是“欣然起行”，月光难得，不免让人欣喜。可是没有人和自己共同赏月，只好去找同样被贬的张怀民，这里面有多少贬低的悲凉与人生的感慨呀!两人漫步中庭，又是悠闲的。自比“闲人”，则所有意味尽含其中。对澄澈透明的美妙的月色作了生动 形象的描绘，透露出作者在贬低中虽感慨幽微，而又随缘自适，自我排遣的特殊心境。表达了作者对月光的爱慕 抒发了作者自解、自矜、自嘲,对自然生活的向往与欣赏，和用与“闲人”相对的“忙人”（朝廷官员小人）的鄙夷与讽刺。"
34,题西林壁,1084,苏轼,淮南路黄州,湖北黄冈,山水,横看成岭侧成峰，远近高低各不同。不识庐山真面目，只缘身在此山中。,苏轼的诗既是人生感悟，也是一种政治体验。苏轼自进入仕途后卷入了新旧之法的争议，他在政治倾向上更贴近保守派，反对王安石主导的新法。但他不偏激，主张汲取新法合理成分，主张讲究执行策略，反而又为旧党所不容。因此，苏轼笔下的庐山，也可以看成是扑朔迷离的政局，新旧两党立场不同，结论也不同。事实上，人们都置身局中，置身历史长河中，都不免陷入当局者迷的困境，应该更客观地思考问题，得出恰当结论。
35,浣溪沙・细雨斜风作晓寒,1084,苏轼,京西路汝州,河南临汝,抒情,细雨斜风作晓寒，淡烟疏柳媚晴滩。入淮清洛渐漫漫。雪沫乳花浮午盏，蓼茸蒿笋试春盘。人间有味是清欢。,这是一首纪游词，是以时间为序来铺叙景物的。词的上片写早春景象，下片写作者与同游者游山时以清茶野餐的风味。作品充满春天的气息，洋溢着生命的活力，反映了作者对现实生活的热爱和旷达的精神。
36,登州海市,1085,苏轼,京东路登州,山东蓬莱,山水,东方云海空复空，群仙出没空明中。荡摇浮世生万象，岂有贝阙藏珠宫。心知所见皆幻影，敢以耳目烦神工。岁寒水冷天地闭，为我起蛰鞭鱼龙。重楼翠阜出霜晓，异事惊倒百岁翁。人间所得容力取，世外无物谁为雄。率然有请不我拒，信我人厄非天穷。潮阳太守南迁归，喜见石廪堆祝融。自言正直动山鬼，岂知造物哀龙钟。伸眉一笑岂易得，神之报汝亦已丰。斜阳万里孤鸟没，但见碧海磨青铜。新诗绮语亦安用，相与变灭随东风。,"1085年，宋哲宗即位，高太后以哲宗年幼为名，临朝听政，司马光重新被启用为相，以王安石为首的新党被打压。苏轼复为朝奉郎知登州（今山东蓬莱）。他六月启程，经过更长的旅程,十月十五日到登州太守任。登州即今天的山东蓬莱古来即以海市蜃楼闻名。在他离开登州之前，有幸看到了令人神往的海市奇观，有感而写下了此篇。"
37,惠崇春江晚景,1085,苏轼,京畿路开封府,河南开封,山水,竹外桃花三两枝，春江水暖鸭先知。蒌蒿满地芦芽短，正是河豚欲上时。,这是一首题画诗，惠崇的《春江晓景图》没有流传下来，不过从苏轼的诗中，我们可以想个大概：一片竹林，三两枝桃花，一条江，几只鸭子，河岸上满是蒌蒿，芦芽刚刚破土，天上还有两两归鸿。河豚是看不到的，是馋嘴的苏轼在想：河豚该上来了，用蒌蒿和芦芽一炖，比东坡肉鲜多了。
38,赠刘景文,1090,苏轼,两浙路杭州,江苏杭州,抒情,荷尽已无擎雨盖，菊残犹有傲霜枝。一年好景君须记，最是橙黄橘绿时。,这首诗是诗人写赠给好友刘景文的。诗的前两句写景，抓住“荷尽”、“菊残”描绘出秋末冬初的萧瑟景象。“已无”与“犹有”形成强烈对比，突出菊花傲霜斗寒的形象。后两句议景，揭示赠诗的目的。说明冬景虽然萧瑟冷落，但也有硕果累累、成熟丰收的一面，而这一点恰恰是其他季节无法相比的。诗人这样写，是用来比喻人到壮年，虽已青春流逝，但也是人生成熟、大有作为的黄金阶段，勉励朋友珍惜这大好时光，乐观向上、努力不懈，切不要意志消沉、妄自菲薄。
39,临江仙・送钱穆父,1091,苏轼,两浙路杭州,江苏杭州,抒情,一别都门三改火，天涯踏尽红尘。依然一笑作春温。无波真古井，有节是秋筠。惆怅孤帆连夜发，送行淡月微云。尊前不用翠眉颦。人生如逆旅，我亦是行人。,这是一首赠别词。全词一改以往送别诗词缠绵感伤、哀怨愁苦或慷慨悲凉的格调，创新意于法度之中，寄妙理于豪放之外，议论风生，直抒性情，写得既有情韵，又富理趣，充分体现了作者旷达洒脱的个性风貌。词人对老友的眷眷惜别之情，写得深沉细腻，婉转回互，一波三折，动人心弦。
40,荔枝叹,1095,苏轼,广南西路儋州,海南儋州,哀民,十里一置飞尘灰，五里一猴兵火催，颊坑仆谷相枕藉，知是荔枝龙眼来。飞车跨山鹤横海，风枝露叶如新采，宫中美人一破颜，惊尘溅血流千载。永元荔枝来交州，天宝岁贡取之涪，至今欲食林甫肉，无人举觞爵伯游。我愿天公怜赤子，莫生尤物为疮精，雨顺风调百谷登，民不饥寒为上瑞。君不见武夷溪边粟粒芽，前丁后蔡相笼加，争新买烧各出意，今年斗品充官茶。吾君所乏岂此物？致养口体何陋耶！洛阳相君忠孝家，可怜亦进姚黄花。,诗作于绍圣二年，当时苏轼贬谪广东惠州，惠州盛产荔枝，苏轼写了多首荔枝诗，往往结合朝政身世，抒发自己的感慨。这首古风，带有新乐府的性质，借荔枝生发开去，纵横古今，淋漓痛快，一向为选家所称道。
41,望岳,735,杜甫,河南道齐州,山东泰安,山水,岱宗夫如何？齐鲁青未了。造化钟神秀，阴阳割昏晓。荡胸生曾云，决眦入归鸟。会当凌绝顶，一览众山小。,《望岳》通过描绘泰山雄伟磅礴的景象，热情赞美了泰山高大巍峨的气势和神奇秀丽的景色，流露出了对祖国山河的热爱之情，表达了诗人不怕困难、敢攀顶峰、俯视一切的雄心和气概，以及卓然独立、兼济天下的豪情壮志。
42,饮中八仙歌,746,杜甫,京畿道长安,陕西西安,豪放,知章骑马似乘船，眼花落井水底眠。汝阳三斗始朝天，道逢麴车口流涎，恨不移封向酒泉。左相日兴费万钱，饮如长鲸吸百川，衔杯乐圣称避贤。宗之潇洒美少年，举觞白眼望青天，皎如玉树临风前。苏晋长斋绣佛前，醉中往往爱逃禅。李白斗酒诗百篇，长安市上酒家眠，天子呼来不上船，自称臣是酒中仙。张旭三杯草圣传，脱帽露顶王公前，挥毫落纸如云烟。焦遂五斗方卓然，高谈雄辩惊四筵。,《饮中八仙歌》是一首别具一格，富有特色的“肖像诗”。八个酒仙是同时代的人，又都在长安生活过，在嗜酒、豪放、旷达这些方面彼此相似。诗人以洗炼的语言，人物速写的笔法，将他们写进一首诗里，构成一幅栩栩如生的群像图。
43,兵车行,751,杜甫,京畿道长安,陕西西安,哀民,车辚辚，马萧萧，行人弓箭各在腰。耶娘妻子走相送，尘埃不见咸阳桥。(耶娘 一作：爷娘)牵衣顿足拦道哭，哭声直上干云霄。道旁过者问行人，行人但云点行频。或从十五北防河，便至四十西营田。去时里正与裹头，归来头白还戍边。边庭流血成海水，武皇开边意未已。君不闻汉家山东二百州，千村万落生荆杞。纵有健妇把锄犁，禾生陇亩无东西。况复秦兵耐苦战，被驱不异犬与鸡。长者虽有问，役夫敢申恨？且如今年冬，未休关西卒。县官急索租，租税从何出？信知生男恶，反是生女好。生女犹得嫁比邻，生男埋没随百草。君不见，青海头，古来白骨无人收。新鬼烦冤旧鬼哭，天阴雨湿声啾啾！,这是一首七言歌行，诗中多处使用了民歌的“顶真”手法，诵读起来，累累如贯珠，音调和谐动听。另外，还运用了对话方式和一些口语，使读者有身临现场的真切感。《唐宋诗醇》云：“此体创自老杜，讽刺时事而托为征夫问答之词。言之者无罪，闻之者足以为戒，《小雅》遗音也。篇首写得行色匆匆，笔势汹涌，如风潮骤至，不可逼视。以下出点行之频，出开边之非，然后正说时事，末以惨语结之。词意沉郁，音节悲壮，此天地商声，不可强为也。”
44,春望,757,杜甫,京畿道长安,陕西西安,抒情,国破山河在，城春草木深。感时花溅泪，恨别鸟惊心。烽火连三月，家书抵万金。白头搔更短，浑欲不胜簪。,这首诗全篇情景交融，感情深沉，而又含蓄凝练，言简意赅，充分体现了“沉郁顿挫”的艺术风格。且这首诗结构紧凑，围绕“望”字展开，前四句借景抒情，情景结合。诗人由登高望远到焦点式的透视，由远及近，感情由弱到强，就在这感情和景色的交叉转换中含蓄地传达出诗人的感叹忧愤。由开篇描绘国都萧索的景色，到眼观春花而泪流，耳闻鸟鸣而怨恨；再写战事持续了很久，以致于家里音信全无，最后写到自己的哀怨和衰老，环环相生、层层递进，创造了一个能够引发人们共鸣、深思的境界。表现了在典型的时代背景下所生成的典型感受，反映了同时代的人们热爱国家、期待和平的美好愿望，表达了大家一致的内在心声。也展示出诗人忧国忧民、感时伤怀的高尚情感。
45,新安吏,758,杜甫,关内道华州,陕西渭南,哀民,客行新安道，喧呼闻点兵。借问新安吏：“县小更无丁？”“府帖昨夜下，次选中男行。”“中男绝短小，何以守王城？”肥男有母送，瘦男独伶俜。白水暮东流，青山犹哭声。“莫自使眼枯，收汝泪纵横。眼枯即见骨，天地终无情！我军取相州，日夕望其平。岂意贼难料，归军星散营。就粮近故垒，练卒依旧京。掘壕不到水，牧马役亦轻。况乃王师顺，抚养甚分明。送行勿泣血，仆射如父兄。”,杜甫的“三吏”、“三别”既揭露统治集团不顾人民死活，又旗帜鲜明地肯定平叛战争，甚至对应征者加以劝慰和鼓励，读者也就不难理解了。因为当时的人民虽然怨恨唐王朝，但终究咬紧牙关，含着眼泪，走上前线支持了平叛战争。“白水暮东流，青山犹哭声”表达了作者对应征的“中男”的无限同情之心。
46,月夜忆舍弟,759,杜甫,陇右道秦州,甘肃天水,抒情,戍鼓断人行，边秋一雁声。露从今夜白，月是故乡明。有弟皆分散，无家问死生。寄书长不达，况乃未休兵。,在古典诗歌中，思亲怀友是常见的题材，这类作品要力避平庸，不落俗套，单凭作者生活体验是不够的，还必须在表现手法上匠心独运。杜甫正是在对这类常见题材的处理中，显出了他的大家本色。
47,石壕吏,759,杜甫,关内道华州,陕西渭南,哀民,暮投石壕村，有吏夜捉人。老翁逾墙走，老妇出门看。吏呼一何怒！妇啼一何苦！听妇前致词：三男邺城戍。一男附书至，二男新战死。存者且偷生，死者长已矣！室中更无人，惟有乳下孙。有孙母未去，出入无完裙。老妪力虽衰，请从吏夜归。急应河阳役，犹得备晨炊。夜久语声绝，如闻泣幽咽。天明登前途，独与老翁别。,《石壕吏》是一首杰出的现实主义的叙事诗。它以“耳闻”为线索，按时间的顺序，由暮――夜――夜久――天明，一步步深入，从投宿叙起，以告别结束，从差吏夜间捉人，到老妇随往；从老翁逾墙逃走，到事后潜归；从诗人日暮投宿，到天明登程告别，整个故事有开始、发展、高潮、结局，情节完整，并颇为紧张。诗的首尾是叙事，中间用对话，活动着的人物有五六个之多，诗人巧妙地借老妇的口，诉说了她一家的悲惨遭遇。诗人的叙述、老妇的说白，处处呼应，环环紧扣，层次十分清楚。
48,潼关吏,759,杜甫,关内道华州,陕西渭南,哀民,士卒何草草，筑城潼关道。大城铁不如，小城万丈余。借问潼关吏：修关还备胡？要我下马行，为我指山隅：连云列战格，飞鸟不能逾。胡来但自守，岂复忧西都。丈人视要处，窄狭容单车。艰难奋长戟，万古用一夫。哀哉桃林战，百万化为鱼。请嘱防关将，慎勿学哥舒！,与“三别”通篇作人物独白不同，“三吏”是夹带问答的。而此篇的对话又具有自己的特点。首先是在对话的安排上，缓急有致，表现了不同人物的心理和神态。“修关还备胡”，是诗人的问话，然而关吏却不急答，这一“缓”，使人可以感觉到关吏胸有成竹。关吏的话一结束，诗人马上表示了心中的忧虑，这一“急”，更显示出对历史教训的痛心。其次，对话中神情毕现，形象鲜明。关吏的答话并无刻意造奇之感，而守关的唐军却给读者留下一种坚韧不拔、英勇沉着的印象。其中“艰难奋长戟，万古用一夫”两句又格外精警突出，塑造出犹如战神式的英雄形象，具有精神鼓舞的力量。
49,无家别,759,杜甫,关内道华州,陕西渭南,哀民,寂寞天宝后，园庐但蒿藜。我里百余家，世乱各东西。存者无消息，死者为尘泥。贱子因阵败，归来寻旧蹊。久行见空巷，日瘦气惨凄，但对狐与狸，竖毛怒我啼。四邻何所有，一二老寡妻。宿鸟恋本枝，安辞且穷栖。方春独荷锄，日暮还灌畦。县吏知我至，召令习鼓@。虽从本州役，内顾无所携。近行止一身，远去终转迷。家乡既荡尽，远近理亦齐。永痛长病母，五年委沟溪。生我不得力，终身两酸嘶。人生无家别，何以为蒸黎。,《无家别》和“三别”中的其他两篇一样，叙事诗的“叙述人”不是作者，而是诗中的主人公。这个主人公是又一次被征去当兵的独身汉，既无人为他送别，又无人可以告别，然而在踏上征途之际，依然情不自禁地自言自语，仿佛是对老天爷诉说他无家可别的悲哀。
50,赠卫八处士,759,杜甫,关内道华州,陕西渭南,抒情,人生不相见，动如参与商。今夕复何夕，共此灯烛光。少壮能几时，鬓发各已苍。访旧半为鬼，惊呼热中肠。焉知二十载，重上君子堂。昔别君未婚，儿女忽成行。怡然敬父执，问我来何方。问答乃未已，驱儿罗酒浆。夜雨剪春韭，新炊间黄粱。主称会面难，一举累十觞。十觞亦不醉，感子故意长。明日隔山岳，世事两茫茫。,这首诗写久别的老友重逢话旧，家常情境，家常话语，娓娓写来，表现了乱离时代一般人所共有的“沧海桑田”和“别易会难”之感，同时又写得非常生动自然，所以向来为人们所爱读。　
51,蜀相,760,杜甫,剑南道成都府,四川成都,抒情,丞相祠堂何处寻？锦官城外柏森森。映阶碧草自春色，隔叶黄鹂空好音。三顾频烦天下计，两朝开济老臣心。出师未捷身先死，长使英雄泪满襟。,这首七律《蜀相》，抒发了诗人对诸葛亮才智品德的崇敬和功业未遂的感慨。全诗熔情、景、议于一炉，既有对历史的评说，又有现实的寓托，在历代咏赞诸葛亮的诗篇中，堪称绝唱。
52,茅屋为秋风所破歌,761,杜甫,剑南道成都府,四川成都,抒情,八月秋高风怒号，卷我屋上三重茅。茅飞渡江洒江郊，高者挂I长林梢，下者飘转沉塘坳。南村群童欺我老无力，忍能对面为盗贼。公然抱茅入竹去，唇焦口燥呼不得，归来倚杖自叹息。俄顷风定云墨色，秋天漠漠向昏黑。布衾多年冷似铁，娇儿恶卧踏里裂。床头屋漏无干处，雨脚如麻未断绝。自经丧乱少睡眠，长夜沾湿何由彻！安得广厦千万间，大庇天下寒士俱欢颜！风雨不动安如山。呜呼！何时眼前突兀见此屋，吾庐独破受冻死亦足！,这首诗描绘秋夜屋漏、风雨交加的情景，真实的记录了草堂生活的一个片段。末段忽生异境，以切身的体验，推己及人，进一步把自己的困苦丢在一边，设想大庇天下寒士的万间广厦。这种非现实的幻想建立在诗人许身社稷，饥溺为怀的思想基础上；而博大胸怀之表现，则使作品放射出积极的浪漫主义光辉。全诗语言极其质朴而意象峥嵘，略无经营而波澜叠出，盖以流自肺腑，故能扣人心弦。
53,春夜喜雨,761,杜甫,剑南道成都府,四川成都,抒情,好雨知时节，当春乃发生。随风潜入夜，润物细无声。野径云俱黑，江船火独明。晓看红湿处，花重锦官城。,诗人盼望这样的“好雨”，喜爱这们的“好雨”。所以题目中的那个“喜”字在诗里虽然没有露面，但“‘喜’意都从罅缝里迸透”（浦起龙《读杜心解》）。诗人正在盼望春雨“润物”的时候，雨下起来了，于是一上来就满心欢喜地叫“好”。第二联所写，是诗人听出来的。诗人倾耳细听，听出那雨在春夜里绵绵密密地下，只为“润物”，不求人知，自然“喜”得睡不着觉。由于那雨“润物细无声”，听不真切，生怕它停止了，所以出门去看。第三联所写，是诗人看见的。看见雨意正浓，就情不自禁地想象天明以后春色满城的美景。其无限喜悦的心情，表现得十分生动。
54,闻官军收河南河北,763,杜甫,剑南道成都府,四川成都,豪放,剑外忽传收蓟北，初闻涕泪满衣裳。却看妻子愁何在，漫卷诗书喜欲狂。白日放歌须纵酒，青春作伴好还乡。即从巴峡穿巫峡，便下襄阳向洛阳。,本诗主要叙写了诗人听到官军收复失地的消息后，十分的喜悦，收拾行装立即还乡的事。抒发诗人无法抑制的胜利喜悦与还乡快意，表现了诗人真挚的爱国情怀，表达了诗人博大的爱国胸怀和高尚的精神境界。
55,绝句,764,杜甫,剑南道成都府,四川成都,抒情,两个黄鹂鸣翠柳，一行白鹭上青天。窗含西岭千秋雪，门泊东吴万里船。,全诗看起来一句一景，是四幅独立的图景，但诗人的内在情感使其内容一以贯之，以清新轻快的景色寄托诗人内心复杂的情绪，构成一个统一的意境。一开始表现出草堂的春色，诗人的情绪是陶然的，而随着视线的游移、景物的转换，江船的出现，便触动了他的乡情。表面上表现的是生机盎然的画面，而在欢快明亮的景象内，却寄托着诗人对时光流逝，孤独而无聊的失落之意，更写出了诗人在重有一线希望之时的复杂心绪，在那希望之外，更多的是诗人对失望的感伤。
56,秋兴八首・其一,766,杜甫,山南西道夔州,重庆奉节,抒情,玉露凋伤枫树林，巫山巫峡气萧森。江间波浪兼天涌，塞上风云接地阴。丛菊两开他日泪，孤舟一系故园心。寒衣处处催刀尺，白帝城高急暮砧。,全诗以“秋”作为统帅，写暮年飘泊、老病交加、羁旅江湖，面对满目萧瑟的秋景而引起的国家兴衰、身世蹉跎的感慨；写长安盛世的回忆，今昔对比所引起的哀伤；写关注国家的命运、目睹国家残破而不能有所为、只能遥忆京华的忧愁抑郁。
57,登高,767,杜甫,山南西道夔州,重庆奉节,抒情,风急天高猿啸哀，渚清沙白鸟飞回。无边落木萧萧下，不尽长江滚滚来。万里悲秋常作客，百年多病独登台。艰难苦恨繁霜鬓，潦倒新停浊酒杯。,此诗八句皆对。粗略一看，首尾好像“未尝有对”，胸腹好象“无意于对”。仔细玩味，“一篇之中，句句皆律，一句之中，字字皆律”。不只“全篇可法”，而且“用句用字”，“皆古今人必不敢道，决不能道者”。它能博得“旷代之作”（均见胡应麟《诗薮》）的盛誉，就是理所当然的了。
58,登岳阳楼,767,杜甫,江南西道岳州,湖南岳阳,抒情,昔闻洞庭水，今上岳阳楼。吴楚东南坼，乾坤日夜浮。亲朋无一字，老病有孤舟。戎马关山北，凭轩涕泗流。,此诗是杜甫诗中的五律名篇，前人称为盛唐五律第一。从总体上看，江山的壮阔，在诗中互为表里。虽然悲伤，却不消沉；虽然沉郁，却不压抑。反映了其关心民生疾苦的风格。全诗以自叙和抒情为主，真挚感人；写景只是三，四两句，既是实写，又想象，一“坼”一“浮”，把洞庭湖的气象描绘得壮阔而又生动。
59,岁晏行,768,杜甫,江南西道岳州,湖南岳阳,哀民,岁云暮矣多北风，潇湘洞庭白雪中。渔父天寒网罟冻，莫徭射雁鸣桑弓。去年米贵阙军食，今年米贱大伤农。高马达官厌酒肉，此辈杼轴茅茨空。楚人重鱼不重鸟，汝休枉杀南飞鸿。况闻处处鬻男女，割慈忍爱还租庸。往日用钱捉私铸，今许铅锡和青铜。刻泥为之最易得，好恶不合长相蒙。万国城头吹画角，此曲哀怨何时终？,安史之乱以后，唐朝时局仍一片混乱。藩镇割据，军阀混战，苛捐杂税，名目繁多，百姓灾难深重。诗首从岁暮所见写起；诗末以岁暮所闻收束，表达忧乱之意，点破题旨，流露出诗人对时局的深深忧虑。
60,江南逢李龟年,770,杜甫,江南西道潭州,湖南长沙,抒情,岐王宅里寻常见，崔九堂前几度闻。正是江南好风景，落花时节又逢君。,诗是感伤世态炎凉的。李龟年是唐玄宗初年的著名歌手，常在贵族豪门歌唱。杜甫少年时才华卓著，常出入于岐王李隆范和中书监崔涤的门庭，得以欣赏李龟年的歌唱艺术。诗的开首二句是追忆昔日与李龟年的接触，寄寓诗人对开元初年鼎盛的眷怀；后两句是对国事凋零，艺人颠沛流离的感慨。仅仅四句却概括了整个开元时期（注：开元时期为713年―741年）的时代沧桑，人生巨变。语极平淡，内涵却无限丰满。
